i_celula,celula,bloco,historia,politica,semente,auc,n_pos,n_neg,frac_saturada,ociosos_medio_saturados,d_medio,frac_d_abaixo_rec
0,KNP1,dentro,RS,REC,0,0.8011109275687086,20052,79948,1.0,19.5518,1.457536336,0.0
0,KNP1,dentro,RS,REC,1,0.8013735035676965,20165,79835,1.0,19.69733,1.457299483,0.0
0,KNP1,dentro,RS,REC,2,0.8034060967389719,19696,80304,1.0,19.69375,1.457471961,0.0
0,KNP1,dentro,RS,REC,3,0.803637877619022,19851,80149,1.0,19.71391,1.4578541209999998,0.0
0,KNP1,dentro,RS,REC,4,0.8033566394616265,19905,80095,1.0,19.68312,1.457470996,0.0
0,KNP1,dentro,RS,RHO,0,0.8481628377366094,20052,79948,1.0,4.0,2.1024,0.0
0,KNP1,dentro,RS,RHO,1,0.8471931870516911,20165,79835,1.0,4.0,2.1024,0.0
0,KNP1,dentro,RS,RHO,2,0.8482518625101948,19696,80304,1.0,4.0,2.1024,0.0
0,KNP1,dentro,RS,RHO,3,0.8502398301600628,19851,80149,1.0,4.0,2.1024,0.0
0,KNP1,dentro,RS,RHO,4,0.8483534788873781,19905,80095,1.0,4.0,2.1024,0.0
0,KNP1,dentro,RS,EVT,0,0.7674574499756379,20052,79948,1.0,13.0,1.0693000000000001,1.0
0,KNP1,dentro,RS,EVT,1,0.7686866851947354,20165,79835,1.0,13.0,1.0693000000000001,1.0
0,KNP1,dentro,RS,EVT,2,0.7693218393732978,19696,80304,1.0,13.0,1.0693000000000001,1.0
0,KNP1,dentro,RS,EVT,3,0.7657461574864822,19851,80149,1.0,13.0,1.0693000000000001,1.0
0,KNP1,dentro,RS,EVT,4,0.7690433573457317,19905,80095,1.0,13.0,1.0693000000000001,1.0
0,KNP1,dentro,RS,TAX,0,0.8010126964533729,20052,79948,1.0,13.0,1.4566999999999997,0.40515
0,KNP1,dentro,RS,TAX,1,0.8012793936464948,20165,79835,1.0,13.0,1.4566999999999997,0.40579
0,KNP1,dentro,RS,TAX,2,0.8036357967111248,19696,80304,1.0,13.0,1.4566999999999997,0.40794
0,KNP1,dentro,RS,TAX,3,0.8034541604250095,19851,80149,1.0,13.0,1.4566999999999997,0.40863
0,KNP1,dentro,RS,TAX,4,0.8041192223395732,19905,80095,1.0,13.0,1.4566999999999997,0.40509
0,KNP1,dentro,RS,FIXf,0,0.8481628377366094,20052,79948,1.0,4.0,2.1024,0.0
0,KNP1,dentro,RS,FIXf,1,0.8471931870516911,20165,79835,1.0,4.0,2.1024,0.0
0,KNP1,dentro,RS,FIXf,2,0.8482518625101948,19696,80304,1.0,4.0,2.1024,0.0
0,KNP1,dentro,RS,FIXf,3,0.8502398301600628,19851,80149,1.0,4.0,2.1024,0.0
0,KNP1,dentro,RS,FIXf,4,0.8483534788873781,19905,80095,1.0,4.0,2.1024,0.0
0,KNP1,dentro,RS,FIXc,0,0.8481628377366094,20052,79948,1.0,4.0,2.1024,0.0
0,KNP1,dentro,RS,FIXc,1,0.8471931870516911,20165,79835,1.0,4.0,2.1024,0.0
0,KNP1,dentro,RS,FIXc,2,0.8482518625101948,19696,80304,1.0,4.0,2.1024,0.0
0,KNP1,dentro,RS,FIXc,3,0.8502398301600628,19851,80149,1.0,4.0,2.1024,0.0
0,KNP1,dentro,RS,FIXc,4,0.8483534788873781,19905,80095,1.0,4.0,2.1024,0.0
0,KNP1,dentro,R,REC,0,0.8481628377366094,20052,79948,1.0,4.0,2.1024,0.0
0,KNP1,dentro,R,REC,1,0.8471931870516911,20165,79835,1.0,4.0,2.1024,0.0
0,KNP1,dentro,R,REC,2,0.8482518625101948,19696,80304,1.0,4.0,2.1024,0.0
0,KNP1,dentro,R,REC,3,0.8502398301600628,19851,80149,1.0,4.0,2.1024,0.0
0,KNP1,dentro,R,REC,4,0.8483534788873781,19905,80095,1.0,4.0,2.1024,0.0
0,KNP1,dentro,R,RHO,0,0.8481628377366094,20052,79948,1.0,4.0,2.1024,0.0
0,KNP1,dentro,R,RHO,1,0.8471931870516911,20165,79835,1.0,4.0,2.1024,0.0
0,KNP1,dentro,R,RHO,2,0.8482518625101948,19696,80304,1.0,4.0,2.1024,0.0
0,KNP1,dentro,R,RHO,3,0.8502398301600628,19851,80149,1.0,4.0,2.1024,0.0
0,KNP1,dentro,R,RHO,4,0.8483534788873781,19905,80095,1.0,4.0,2.1024,0.0
1,KNP2,dentro,RS,REC,0,0.8815576561089443,20042,79958,1.0,19.15257,2.819015937,0.0
1,KNP2,dentro,RS,REC,1,0.880261843817808,19871,80129,1.0,19.13598,2.819289874,0.0
1,KNP2,dentro,RS,REC,2,0.8825051777122616,19845,80155,1.0,19.10524,2.8196101840000005,0.0
1,KNP2,dentro,RS,REC,3,0.8829188003895213,19823,80177,1.0,19.18594,2.8196599780000002,0.0
1,KNP2,dentro,RS,REC,4,0.8826501920909554,20077,79923,1.0,19.09147,2.8190504350000003,0.0
1,KNP2,dentro,RS,RHO,0,0.9140850950041857,20042,79958,1.0,4.0,3.7375999999999996,0.0
1,KNP2,dentro,RS,RHO,1,0.9136247733597864,19871,80129,1.0,4.0,3.7375999999999996,0.0
1,KNP2,dentro,RS,RHO,2,0.9151025481478087,19845,80155,1.0,4.0,3.7375999999999996,0.0
1,KNP2,dentro,RS,RHO,3,0.914871125846243,19823,80177,1.0,4.0,3.7375999999999996,0.0
1,KNP2,dentro,RS,RHO,4,0.9134719248015369,20077,79923,1.0,4.0,3.7375999999999996,0.0
1,KNP2,dentro,RS,EVT,0,0.8380992551775243,20042,79958,1.0,13.0,1.9573,1.0
1,KNP2,dentro,RS,EVT,1,0.8362990220516913,19871,80129,1.0,13.0,1.9573,1.0
1,KNP2,dentro,RS,EVT,2,0.8378513751048513,19845,80155,1.0,12.99999,1.957300495,1.0
1,KNP2,dentro,RS,EVT,3,0.8380709024420231,19823,80177,1.0,13.0,1.9573,1.0
1,KNP2,dentro,RS,EVT,4,0.8390516687672745,20077,79923,1.0,13.0,1.9573,1.0
1,KNP2,dentro,RS,TAX,0,0.8814778448486873,20042,79958,1.0,9.0,2.8227000000000007,0.4214
1,KNP2,dentro,RS,TAX,1,0.8803778003384971,19871,80129,1.0,9.0,2.8227000000000007,0.42402
1,KNP2,dentro,RS,TAX,2,0.882322100828863,19845,80155,1.0,9.0,2.8227000000000007,0.4232
1,KNP2,dentro,RS,TAX,3,0.8841431440691091,19823,80177,1.0,9.0,2.8227000000000007,0.42238
1,KNP2,dentro,RS,TAX,4,0.8827848899001709,20077,79923,1.0,9.0,2.8227000000000007,0.41989
1,KNP2,dentro,RS,FIXf,0,0.9140850950041857,20042,79958,1.0,4.0,3.7375999999999996,0.0
1,KNP2,dentro,RS,FIXf,1,0.9136247733597864,19871,80129,1.0,4.0,3.7375999999999996,0.0
1,KNP2,dentro,RS,FIXf,2,0.9151025481478087,19845,80155,1.0,4.0,3.7375999999999996,0.0
1,KNP2,dentro,RS,FIXf,3,0.914871125846243,19823,80177,1.0,4.0,3.7375999999999996,0.0
1,KNP2,dentro,RS,FIXf,4,0.9134719248015369,20077,79923,1.0,4.0,3.7375999999999996,0.0
1,KNP2,dentro,RS,FIXc,0,0.9140850950041857,20042,79958,1.0,4.0,3.7375999999999996,0.0
1,KNP2,dentro,RS,FIXc,1,0.9136247733597864,19871,80129,1.0,4.0,3.7375999999999996,0.0
1,KNP2,dentro,RS,FIXc,2,0.9151025481478087,19845,80155,1.0,4.0,3.7375999999999996,0.0
1,KNP2,dentro,RS,FIXc,3,0.914871125846243,19823,80177,1.0,4.0,3.7375999999999996,0.0
1,KNP2,dentro,RS,FIXc,4,0.9134719248015369,20077,79923,1.0,4.0,3.7375999999999996,0.0
2,KNP3,dentro,RS,REC,0,0.8676863508769432,20205,79795,1.0,30.86422,2.4637528,0.0
2,KNP3,dentro,RS,REC,1,0.8656717337450788,19853,80147,1.0,30.88805,2.4636951250000005,0.0
2,KNP3,dentro,RS,REC,2,0.8679590383127535,20194,79806,1.0,30.90379,2.463538475,0.0
2,KNP3,dentro,RS,REC,3,0.8672611646011344,20113,79887,1.0,30.82122,2.46411605,0.0
2,KNP3,dentro,RS,REC,4,0.8661157499161289,19786,80214,1.0,30.86899,2.4638177250000006,0.0
2,KNP3,dentro,RS,RHO,0,0.8961615990765994,20205,79795,1.0,24.73592,3.166997050000001,0.0
2,KNP3,dentro,RS,RHO,1,0.8956947699620936,19853,80147,1.0,24.70932,3.1666358000000003,0.0
2,KNP3,dentro,RS,RHO,2,0.8959758822989664,20194,79806,1.0,24.65524,3.1666881000000004,0.0
2,KNP3,dentro,RS,RHO,3,0.8966187280925447,20113,79887,1.0,24.68857,3.1667376750000007,0.0
2,KNP3,dentro,RS,RHO,4,0.8955534223169236,19786,80214,1.0,24.68426,3.167595150000001,0.0
2,KNP3,dentro,RS,EVT,0,0.8602379740128127,20205,79795,1.0,13.0,2.3125,0.99147
2,KNP3,dentro,RS,EVT,1,0.8581887389236035,19853,80147,1.0,13.0,2.3125,0.99156
2,KNP3,dentro,RS,EVT,2,0.8602642965594458,20194,79806,1.0,13.0,2.3125,0.99202
2,KNP3,dentro,RS,EVT,3,0.8598299052565131,20113,79887,1.0,13.0,2.3125,0.9918
2,KNP3,dentro,RS,EVT,4,0.8576429809332108,19786,80214,1.0,13.0,2.3125,0.99211
2,KNP3,dentro,RS,TAX,0,0.8678520929629764,20205,79795,1.0,25.0,2.4675000000000002,0.42783
2,KNP3,dentro,RS,TAX,1,0.8656145043702315,19853,80147,1.0,25.0,2.4675000000000002,0.42852
2,KNP3,dentro,RS,TAX,2,0.86802240506021,20194,79806,1.0,25.0,2.4675000000000002,0.4282
2,KNP3,dentro,RS,TAX,3,0.8670851079859992,20113,79887,1.0,25.0,2.4675000000000002,0.43088
2,KNP3,dentro,RS,TAX,4,0.8660847748294741,19786,80214,1.0,25.0,2.4675000000000002,0.42771
2,KNP3,dentro,RS,FIXf,0,0.8938730658162817,20205,79795,1.0,37.43144,3.094481600000001,8e-05
2,KNP3,dentro,RS,FIXf,1,0.8931843479811056,19853,80147,1.0,37.27394,3.094931600000001,0.00012
2,KNP3,dentro,RS,FIXf,2,0.8930463029526805,20194,79806,1.0,37.53336,3.0941904000000005,6e-05
2,KNP3,dentro,RS,FIXf,3,0.8936387743645737,20113,79887,1.0,37.40428,3.0945592000000004,7e-05
2,KNP3,dentro,RS,FIXf,4,0.8927465209680652,19786,80214,1.0,37.16964,3.0952296,6e-05
2,KNP3,dentro,RS,FIXc,0,0.8938730658162817,20205,79795,1.0,37.43144,3.094481600000001,8e-05
2,KNP3,dentro,RS,FIXc,1,0.8931843479811056,19853,80147,1.0,37.27394,3.094931600000001,0.00012
2,KNP3,dentro,RS,FIXc,2,0.8930463029526805,20194,79806,1.0,37.53336,3.0941904000000005,6e-05
2,KNP3,dentro,RS,FIXc,3,0.8936387743645737,20113,79887,1.0,37.40428,3.0945592000000004,7e-05
2,KNP3,dentro,RS,FIXc,4,0.8927465209680652,19786,80214,1.0,37.16964,3.0952296,6e-05
3,FIX1,dentro,RS,REC,0,0.8448684964196195,20270,79730,1.0,4.0,2.1895652,0.0
3,FIX1,dentro,RS,REC,1,0.8452311619502242,19998,80002,0.99999,4.0,2.185928304,0.0
3,FIX1,dentro,RS,REC,2,0.8427110972275064,19833,80167,0.99999,4.0,2.1808513280000006,0.0
3,FIX1,dentro,RS,REC,3,0.8456004827094652,20077,79923,1.0,4.0,2.1833850080000006,0.0
3,FIX1,dentro,RS,REC,4,0.8447674026057013,20039,79961,1.0,4.0,2.1832260320000003,0.0
3,FIX1,dentro,RS,RHO,0,0.870610884502834,20270,79730,1.0,4.0,2.724032576,0.0
3,FIX1,dentro,RS,RHO,1,0.8707542193683382,19998,80002,0.99999,4.0,2.7230386560000004,0.0
3,FIX1,dentro,RS,RHO,2,0.8680853080108901,19833,80167,0.99999,4.0,2.7133315039999997,0.0
3,FIX1,dentro,RS,RHO,3,0.8715835616027077,20077,79923,1.0,4.0,2.718885728,0.0
3,FIX1,dentro,RS,RHO,4,0.8697962585719069,20039,79961,1.0,4.0,2.722860128,0.0
3,FIX1,dentro,RS,EVT,0,0.870610884502834,20270,79730,1.0,4.0,2.724032576,0.0
3,FIX1,dentro,RS,EVT,1,0.8707542193683382,19998,80002,0.99999,4.0,2.7230386560000004,0.0
3,FIX1,dentro,RS,EVT,2,0.8680853080108901,19833,80167,0.99999,4.0,2.7133315039999997,0.0
3,FIX1,dentro,RS,EVT,3,0.8715835616027077,20077,79923,1.0,4.0,2.718885728,0.0
3,FIX1,dentro,RS,EVT,4,0.8697962585719069,20039,79961,1.0,4.0,2.722860128,0.0
3,FIX1,dentro,RS,TAX,0,0.8269247127902255,20270,79730,1.0,6.29796,1.76386,0.5238
3,FIX1,dentro,RS,TAX,1,0.8255463411644531,19998,80002,0.99999,6.318563185631857,1.762389552,0.52529
3,FIX1,dentro,RS,TAX,2,0.8240556372329632,19833,80167,0.99999,6.332423324233242,1.7614,0.52467
3,FIX1,dentro,RS,TAX,3,0.8285736863639905,20077,79923,1.0,6.30734,1.76319,0.52277
3,FIX1,dentro,RS,TAX,4,0.8253146094483823,20039,79961,1.0,6.33632,1.76112,0.52543
3,FIX1,dentro,RS,FIXf,0,0.8269247127902255,20270,79730,1.0,6.29796,1.76386,0.5238
3,FIX1,dentro,RS,FIXf,1,0.8255463411644531,19998,80002,0.99999,6.318563185631857,1.762389552,0.52529
3,FIX1,dentro,RS,FIXf,2,0.8240556372329632,19833,80167,0.99999,6.332423324233242,1.7614,0.52467
3,FIX1,dentro,RS,FIXf,3,0.8285736863639905,20077,79923,1.0,6.30734,1.76319,0.52277
3,FIX1,dentro,RS,FIXf,4,0.8253146094483823,20039,79961,1.0,6.33632,1.76112,0.52543
3,FIX1,dentro,RS,FIXc,0,0.8550912177637514,20270,79730,1.0,12.77296,2.29496,0.50979
3,FIX1,dentro,RS,FIXc,1,0.8547539393073329,19998,80002,0.99999,12.809588095880958,2.2923496160000005,0.50902
3,FIX1,dentro,RS,FIXc,2,0.8527352626660338,19833,80167,0.99999,12.840948409484096,2.2901000000000002,0.50892
3,FIX1,dentro,RS,FIXc,3,0.8569397600652101,20077,79923,1.0,12.80838,2.2924300000000004,0.50846
3,FIX1,dentro,RS,FIXc,4,0.8542941101023138,20039,79961,1.0,12.8221,2.29145,0.50927
4,NUL1,equivalencia,RS,REC,0,0.8445814572510233,20052,79948,1.0,19.5518,2.086403862857143,0.0
4,NUL1,equivalencia,RS,REC,1,0.8449956693006377,20165,79835,1.0,19.69733,2.0862541748571433,0.0
4,NUL1,equivalencia,RS,REC,2,0.8461513762679479,19696,80304,1.0,19.69375,2.0862578571428574,0.0
4,NUL1,equivalencia,RS,REC,3,0.8457327801047422,19851,80149,1.0,19.71391,2.086237121142857,0.0
4,NUL1,equivalencia,RS,REC,4,0.8461239316743921,19905,80095,1.0,19.68312,2.086268790857143,0.0
4,NUL1,equivalencia,RS,RHO,0,0.8481628377366094,20052,79948,1.0,4.0,2.1024,0.21758
4,NUL1,equivalencia,RS,RHO,1,0.8471931870516911,20165,79835,1.0,4.0,2.1024,0.21328
4,NUL1,equivalencia,RS,RHO,2,0.8482518625101948,19696,80304,1.0,4.0,2.1024,0.21439
4,NUL1,equivalencia,RS,RHO,3,0.8502398301600628,19851,80149,1.0,4.0,2.1024,0.21508
4,NUL1,equivalencia,RS,RHO,4,0.8483534788873781,19905,80095,1.0,4.0,2.1024,0.21372
4,NUL1,equivalencia,RS,EVT,0,0.8466493627051479,20052,79948,1.0,13.0,2.093142857142858,0.45056
4,NUL1,equivalencia,RS,EVT,1,0.8480446611689548,20165,79835,1.0,13.0,2.093142857142858,0.44675
4,NUL1,equivalencia,RS,EVT,2,0.8481180979934656,19696,80304,1.0,13.0,2.093142857142858,0.44837
4,NUL1,equivalencia,RS,EVT,3,0.8452584456794543,19851,80149,1.0,13.0,2.093142857142858,0.44833
4,NUL1,equivalencia,RS,EVT,4,0.8478044831182714,19905,80095,1.0,13.0,2.093142857142858,0.44745
4,NUL1,equivalencia,RS,TAX,0,0.8448441304821404,20052,79948,1.0,13.0,2.093142857142858,0.45056
4,NUL1,equivalencia,RS,TAX,1,0.8453255860544632,20165,79835,1.0,13.0,2.093142857142858,0.44675
4,NUL1,equivalencia,RS,TAX,2,0.846816443953877,19696,80304,1.0,13.0,2.093142857142858,0.44837
4,NUL1,equivalencia,RS,TAX,3,0.846085160796359,19851,80149,1.0,13.0,2.093142857142858,0.44833
4,NUL1,equivalencia,RS,TAX,4,0.8470169386739457,19905,80095,1.0,13.0,2.093142857142858,0.44745
4,NUL1,equivalencia,RS,FIXf,0,0.8481628377366094,20052,79948,1.0,4.0,2.1024,0.21758
4,NUL1,equivalencia,RS,FIXf,1,0.8471931870516911,20165,79835,1.0,4.0,2.1024,0.21328
4,NUL1,equivalencia,RS,FIXf,2,0.8482518625101948,19696,80304,1.0,4.0,2.1024,0.21439
4,NUL1,equivalencia,RS,FIXf,3,0.8502398301600628,19851,80149,1.0,4.0,2.1024,0.21508
4,NUL1,equivalencia,RS,FIXf,4,0.8483534788873781,19905,80095,1.0,4.0,2.1024,0.21372
4,NUL1,equivalencia,RS,FIXc,0,0.8481628377366094,20052,79948,1.0,4.0,2.1024,0.21758
4,NUL1,equivalencia,RS,FIXc,1,0.8471931870516911,20165,79835,1.0,4.0,2.1024,0.21328
4,NUL1,equivalencia,RS,FIXc,2,0.8482518625101948,19696,80304,1.0,4.0,2.1024,0.21439
4,NUL1,equivalencia,RS,FIXc,3,0.8502398301600628,19851,80149,1.0,4.0,2.1024,0.21508
4,NUL1,equivalencia,RS,FIXc,4,0.8483534788873781,19905,80095,1.0,4.0,2.1024,0.21372
5,DEC1,fronteira,RS,REC,0,0.7263731050157667,20052,79948,1.0,19.5518,0.7412367135901746,0.0
5,DEC1,fronteira,RS,REC,1,0.7255158669292981,20165,79835,1.0,19.69733,0.7411722865533519,0.0
5,DEC1,fronteira,RS,REC,2,0.7290457019317657,19696,80304,1.0,19.69375,0.7413270370446671,0.0
5,DEC1,fronteira,RS,REC,3,0.7289770253912113,19851,80149,1.0,19.71391,0.7412072807893145,0.0
5,DEC1,fronteira,RS,REC,4,0.729749678850186,19905,80095,1.0,19.68312,0.7415889277670502,0.0
5,DEC1,fronteira,RS,RHO,0,0.6920485430281329,20052,79948,1.0,4.0,0.508629483102054,1.0
5,DEC1,fronteira,RS,RHO,1,0.6912546875016257,20165,79835,1.0,4.0,0.5086680077298552,1.0
5,DEC1,fronteira,RS,RHO,2,0.6944056830338378,19696,80304,1.0,4.0,0.508629714126709,1.0
5,DEC1,fronteira,RS,RHO,3,0.6970428004268929,19851,80149,1.0,4.0,0.508767464341468,1.0
5,DEC1,fronteira,RS,RHO,4,0.6932750359450539,19905,80095,1.0,4.0,0.5090222124760125,1.0
5,DEC1,fronteira,RS,RHOidade,0,0.7280450512961093,20052,79948,1.0,8.68499,0.7534524544281103,8e-05
5,DEC1,fronteira,RS,RHOidade,1,0.7277224978228481,20165,79835,1.0,8.6795,0.7534223076927804,8e-05
5,DEC1,fronteira,RS,RHOidade,2,0.7311599685664418,19696,80304,1.0,8.68258,0.7535619774136636,8e-05
5,DEC1,fronteira,RS,RHOidade,3,0.7315157388036385,19851,80149,1.0,8.67643,0.7534036763623958,9e-05
5,DEC1,fronteira,RS,RHOidade,4,0.7315809857105915,19905,80095,1.0,8.68614,0.7538320107649744,0.00013
