i_celula,celula,regime,braco,regime_braco,semente,auc,auc_fluida,n_pos,n_neg,frac_saturada,ociosos_medio_saturados,blocos_visiveis_medio,frac_bloco_incompleto_visivel
0,CMP1,saturado,R,sat,0,0.8467776073771383,0.8476209357823592,19967,80033,1.0,4.0,,
0,CMP1,saturado,R,sat,1,0.8484746012260549,0.8476209357823592,19929,80071,1.0,4.0,,
0,CMP1,saturado,R,sat,2,0.8486328496944363,0.8476209357823592,19878,80122,1.0,4.0,,
0,CMP1,saturado,R,sat,3,0.8477601037863698,0.8476209357823592,19922,80078,1.0,4.0,,
0,CMP1,saturado,R,sat,4,0.8481770711914857,0.8476209357823592,19917,80083,1.0,4.0,,
0,CMP1,saturado,RS,sat,0,0.7853176080278498,0.7854443935922579,20108,79892,1.0,23.93876,,
0,CMP1,saturado,RS,sat,1,0.7820877546944747,0.7854443935922579,19918,80082,1.0,23.98516,,
0,CMP1,saturado,RS,sat,2,0.7847304473291677,0.7854443935922579,20082,79918,1.0,24.02631,,
0,CMP1,saturado,RS,sat,3,0.7859166687246871,0.7854443935922579,19971,80029,1.0,23.94179,,
0,CMP1,saturado,RS,sat,4,0.7834426033518517,0.7854443935922579,19903,80097,1.0,23.97595,,
0,CMP1,saturado,RF,sat,0,0.9014586111331857,0.9011254672169309,20108,79892,1.0,21.50905,20.37877,0.0
0,CMP1,saturado,RF,sat,1,0.8990424518904673,0.9011254672169309,19918,80082,1.0,21.50426,20.38084,0.0
0,CMP1,saturado,RF,sat,2,0.9010985587983883,0.9011254672169309,20082,79918,1.0,21.59115,20.37743,0.0
0,CMP1,saturado,RF,sat,3,0.9013856694563763,0.9011254672169309,19971,80029,1.0,21.58615,20.38251,0.0
0,CMP1,saturado,RF,sat,4,0.9004044743414791,0.9011254672169309,19903,80097,1.0,21.47507,20.37951,0.0
0,CMP1,saturado,RP,sat,0,0.8080491049280164,0.8097883977107644,20108,79892,1.0,21.50905,20.37877,0.0
0,CMP1,saturado,RP,sat,1,0.80553462172104,0.8097883977107644,19918,80082,1.0,21.50426,20.38084,0.0
0,CMP1,saturado,RP,sat,2,0.8070398845650772,0.8097883977107644,20082,79918,1.0,21.59115,20.37743,0.0
0,CMP1,saturado,RP,sat,3,0.8095008839552034,0.8097883977107644,19971,80029,1.0,21.58615,20.38251,0.0
0,CMP1,saturado,RP,sat,4,0.809685699439678,0.8097883977107644,19903,80097,1.0,21.47507,20.37951,0.0
1,CMP2,saturado,R,sat,0,0.8497737996636823,0.8476209357823592,19942,80058,1.0,4.0,,
1,CMP2,saturado,R,sat,1,0.8470732823818069,0.8476209357823592,20109,79891,1.0,4.0,,
1,CMP2,saturado,R,sat,2,0.8450850238852231,0.8476209357823592,20131,79869,1.0,4.0,,
1,CMP2,saturado,R,sat,3,0.8487736094822346,0.8476209357823592,19808,80192,1.0,4.0,,
1,CMP2,saturado,R,sat,4,0.8458821662964411,0.8476209357823592,20169,79831,1.0,4.0,,
1,CMP2,saturado,RS,sat,0,0.829639985495629,0.8284711706394075,19991,80009,1.0,4.0,,
1,CMP2,saturado,RS,sat,1,0.828173453545641,0.8284711706394075,20021,79979,1.0,4.0,,
1,CMP2,saturado,RS,sat,2,0.8281109923892898,0.8284711706394075,19750,80250,1.0,4.0,,
1,CMP2,saturado,RS,sat,3,0.829492544128669,0.8284711706394075,19902,80098,1.0,4.0,,
1,CMP2,saturado,RS,sat,4,0.8252440660914189,0.8284711706394075,19918,80082,1.0,4.0,,
1,CMP2,saturado,RF,sat,0,0.8747434389445303,0.8745508856808206,19991,80009,1.0,16.32107,16.78973,0.0
1,CMP2,saturado,RF,sat,1,0.8753158974896711,0.8745508856808206,20021,79979,1.0,16.30593,16.78635,0.0
1,CMP2,saturado,RF,sat,2,0.8725820709018495,0.8745508856808206,19750,80250,1.0,16.36086,16.79172,0.0
1,CMP2,saturado,RF,sat,3,0.875162243154959,0.8745508856808206,19902,80098,1.0,16.34604,16.78502,0.0
1,CMP2,saturado,RF,sat,4,0.8712381555817628,0.8745508856808206,19918,80082,1.0,16.33152,16.79038,0.0
1,CMP2,saturado,RP,sat,0,0.7923883980740126,0.7937513544310788,19991,80009,1.0,16.32107,16.78973,0.0
1,CMP2,saturado,RP,sat,1,0.7913501317621174,0.7937513544310788,20021,79979,1.0,16.30593,16.78635,0.0
1,CMP2,saturado,RP,sat,2,0.7899413074648054,0.7937513544310788,19750,80250,1.0,16.36086,16.79172,0.0
1,CMP2,saturado,RP,sat,3,0.7919450065489693,0.7937513544310788,19902,80098,1.0,16.34604,16.78502,0.0
1,CMP2,saturado,RP,sat,4,0.790030860626117,0.7937513544310788,19918,80082,1.0,16.33152,16.79038,0.0
2,CMP3,saturado,R,sat,0,0.846387215638942,0.8476209357823592,19690,80310,1.0,4.0,,
2,CMP3,saturado,R,sat,1,0.8477066846564296,0.8476209357823592,20095,79905,1.0,4.0,,
2,CMP3,saturado,R,sat,2,0.847739019287838,0.8476209357823592,19938,80062,1.0,4.0,,
2,CMP3,saturado,R,sat,3,0.850706608776846,0.8476209357823592,19881,80119,1.0,4.0,,
2,CMP3,saturado,R,sat,4,0.8465389349024651,0.8476209357823592,19995,80005,1.0,4.0,,
2,CMP3,saturado,RS,sat,0,0.7724541260821713,0.7727777544938562,19825,80175,1.0,4.0,,
2,CMP3,saturado,RS,sat,1,0.7723659719717417,0.7727777544938562,19820,80180,1.0,4.0,,
2,CMP3,saturado,RS,sat,2,0.7725914759661684,0.7727777544938562,19919,80081,1.0,4.0,,
2,CMP3,saturado,RS,sat,3,0.7718636330133857,0.7727777544938562,19921,80079,1.0,4.0,,
2,CMP3,saturado,RS,sat,4,0.7714421937469992,0.7727777544938562,19984,80016,1.0,4.0,,
2,CMP3,saturado,RF,sat,0,0.8158386807547016,0.817488945075791,19825,80175,1.0,16.31657,16.79125,0.0
2,CMP3,saturado,RF,sat,1,0.8170403568509703,0.817488945075791,19820,80180,1.0,16.32983,16.78463,0.0
2,CMP3,saturado,RF,sat,2,0.8175688792641503,0.817488945075791,19919,80081,1.0,16.3976,16.79136,0.0
2,CMP3,saturado,RF,sat,3,0.8142654155626409,0.817488945075791,19921,80079,1.0,16.3563,16.78464,0.0
2,CMP3,saturado,RF,sat,4,0.8160783976111102,0.817488945075791,19984,80016,1.0,16.31428,16.79666,0.0
2,CMP3,saturado,RP,sat,0,0.781119726827074,0.7824878526787481,19825,80175,1.0,16.31657,16.79125,0.0
2,CMP3,saturado,RP,sat,1,0.7824133036691662,0.7824878526787481,19820,80180,1.0,16.32983,16.78463,0.0
2,CMP3,saturado,RP,sat,2,0.7830688752804711,0.7824878526787481,19919,80081,1.0,16.3976,16.79136,0.0
2,CMP3,saturado,RP,sat,3,0.7795056259760865,0.7824878526787481,19921,80079,1.0,16.3563,16.78464,0.0
2,CMP3,saturado,RP,sat,4,0.7826854627573284,0.7824878526787481,19984,80016,1.0,16.31428,16.79666,0.0
3,CMP4,saturado,R,sat,0,0.8392348703575526,0.8395041924316999,19982,80018,1.0,13.0,,
3,CMP4,saturado,R,sat,1,0.8408229050758117,0.8395041924316999,20052,79948,1.0,13.0,,
3,CMP4,saturado,R,sat,2,0.8376455266038144,0.8395041924316999,19887,80113,0.99999,13.0,,
3,CMP4,saturado,R,sat,3,0.8380154854473135,0.8395041924316999,19971,80029,1.0,13.0,,
3,CMP4,saturado,R,sat,4,0.8363401123233268,0.8395041924316999,19794,80206,1.0,13.0,,
3,CMP4,saturado,RS,sat,0,0.8826268770577748,0.8831631594805602,20081,79919,1.0,19.12558,,
3,CMP4,saturado,RS,sat,1,0.8832723713258339,0.8831631594805602,19916,80084,1.0,19.06854,,
3,CMP4,saturado,RS,sat,2,0.8837562743948647,0.8831631594805602,19980,80020,1.0,19.07122,,
3,CMP4,saturado,RS,sat,3,0.8818782583888175,0.8831631594805602,20042,79958,1.0,19.19858,,
3,CMP4,saturado,RS,sat,4,0.8812403535416934,0.8831631594805602,20067,79933,1.0,19.10875,,
3,CMP4,saturado,RF,sat,0,0.9324433444417475,0.9326787718813012,20081,79919,1.0,22.58103,28.70053,0.0
3,CMP4,saturado,RF,sat,1,0.9334643141672523,0.9326787718813012,19916,80084,1.0,22.45996,28.70796,0.0
3,CMP4,saturado,RF,sat,2,0.9338195643781747,0.9326787718813012,19980,80020,1.0,22.47328,28.68988,0.0
3,CMP4,saturado,RF,sat,3,0.9330205743755418,0.9326787718813012,20042,79958,1.0,22.55958,28.69998,0.0
3,CMP4,saturado,RF,sat,4,0.9312822112728311,0.9326787718813012,20067,79933,1.0,22.50166,28.71111,0.0
3,CMP4,saturado,RP,sat,0,0.8618811863978565,0.8588411312467359,20081,79919,1.0,22.58103,28.70053,0.0
3,CMP4,saturado,RP,sat,1,0.858871579348613,0.8588411312467359,19916,80084,1.0,22.45996,28.70796,0.0
3,CMP4,saturado,RP,sat,2,0.8586646900587166,0.8588411312467359,19980,80020,1.0,22.47328,28.68988,0.0
3,CMP4,saturado,RP,sat,3,0.8582145220592672,0.8588411312467359,20042,79958,1.0,22.55958,28.69998,0.0
3,CMP4,saturado,RP,sat,4,0.8558138787225231,0.8588411312467359,20067,79933,1.0,22.50166,28.71111,0.0
4,CMP5,misto_para_nao_saturado,R,nao,0,0.8413442568360827,0.842847669763073,19721,80279,0.0,0.0,,
4,CMP5,misto_para_nao_saturado,R,nao,1,0.8390634211553979,0.842847669763073,19884,80116,0.0,0.0,,
4,CMP5,misto_para_nao_saturado,R,nao,2,0.8394619422868049,0.842847669763073,19858,80142,0.0,0.0,,
4,CMP5,misto_para_nao_saturado,R,nao,3,0.8387615392963816,0.842847669763073,20011,79989,0.0,0.0,,
4,CMP5,misto_para_nao_saturado,R,nao,4,0.842386864421212,0.842847669763073,19986,80014,0.0,0.0,,
4,CMP5,misto_para_nao_saturado,RS,sat,0,0.8195518420048602,0.8191631288022884,19929,80071,1.0,4.0,,
4,CMP5,misto_para_nao_saturado,RS,sat,1,0.8182068672688643,0.8191631288022884,19919,80081,1.0,4.0,,
4,CMP5,misto_para_nao_saturado,RS,sat,2,0.8201731864457633,0.8191631288022884,19969,80031,1.0,4.0,,
4,CMP5,misto_para_nao_saturado,RS,sat,3,0.8184276155998991,0.8191631288022884,20002,79998,1.0,4.0,,
4,CMP5,misto_para_nao_saturado,RS,sat,4,0.8198941188481271,0.8191631288022884,20185,79815,1.0,4.0,,
4,CMP5,misto_para_nao_saturado,RF,nao,0,0.9625144253043841,0.9631696065788918,19929,80071,0.0,0.0,90.42089,0.83304
4,CMP5,misto_para_nao_saturado,RF,nao,1,0.9627390627349265,0.9631696065788918,19919,80081,0.0,0.0,90.41779,0.83198
4,CMP5,misto_para_nao_saturado,RF,nao,2,0.9631789559206181,0.9631696065788918,19969,80031,1e-05,4.0,90.40869,0.83327
4,CMP5,misto_para_nao_saturado,RF,nao,3,0.9623573668533794,0.9631696065788918,20002,79998,0.0,0.0,90.43583,0.83395
4,CMP5,misto_para_nao_saturado,RF,nao,4,0.9636228210483834,0.9631696065788918,20185,79815,0.0,0.0,90.42148,0.8342
4,CMP5,misto_para_nao_saturado,RP,nao,0,0.8782025254859381,0.8796935909364496,19929,80071,0.0,0.0,90.42089,0.83304
4,CMP5,misto_para_nao_saturado,RP,nao,1,0.877460634815267,0.8796935909364496,19919,80081,0.0,0.0,90.41779,0.83198
4,CMP5,misto_para_nao_saturado,RP,nao,2,0.8799097598416153,0.8796935909364496,19969,80031,1e-05,4.0,90.40869,0.83327
4,CMP5,misto_para_nao_saturado,RP,nao,3,0.8780341465090972,0.8796935909364496,20002,79998,0.0,0.0,90.43583,0.83395
4,CMP5,misto_para_nao_saturado,RP,nao,4,0.8801255771199038,0.8796935909364496,20185,79815,0.0,0.0,90.42148,0.8342
5,CMP6,nao_saturado,R,nao,0,0.8224241670080553,0.8208367666255598,19799,80201,0.0,0.0,,
5,CMP6,nao_saturado,R,nao,1,0.8213948516298938,0.8208367666255598,20243,79757,0.0,0.0,,
5,CMP6,nao_saturado,R,nao,2,0.8208066854588916,0.8208367666255598,19873,80127,0.0,0.0,,
5,CMP6,nao_saturado,R,nao,3,0.8194963278631914,0.8208367666255598,20023,79977,0.0,0.0,,
5,CMP6,nao_saturado,R,nao,4,0.8219376995419292,0.8208367666255598,19944,80056,0.0,0.0,,
5,CMP6,nao_saturado,RS,nao,0,0.8863231759833494,0.8858362573425587,19883,80117,9e-05,26.333333333333332,,
5,CMP6,nao_saturado,RS,nao,1,0.8860191712210005,0.8858362573425587,19976,80024,4e-05,29.5,,
5,CMP6,nao_saturado,RS,nao,2,0.8833460580102032,0.8858362573425587,19910,80090,8e-05,16.125,,
5,CMP6,nao_saturado,RS,nao,3,0.8830788267146867,0.8858362573425587,20068,79932,6e-05,20.333333333333332,,
5,CMP6,nao_saturado,RS,nao,4,0.8836779125742601,0.8858362573425587,20196,79804,5e-05,18.2,,
5,CMP6,nao_saturado,RF,nao,0,0.8863224615928491,0.8858362573425587,19883,80117,0.0,0.0,3.7481,0.74949
5,CMP6,nao_saturado,RF,nao,1,0.8860217253956773,0.8858362573425587,19976,80024,0.0,0.0,3.75053,0.74942
5,CMP6,nao_saturado,RF,nao,2,0.8833478898268579,0.8858362573425587,19910,80090,0.0,0.0,3.74756,0.75033
5,CMP6,nao_saturado,RF,nao,3,0.8830798247974602,0.8858362573425587,20068,79932,0.0,0.0,3.74961,0.75028
5,CMP6,nao_saturado,RF,nao,4,0.8836790610356435,0.8858362573425587,20196,79804,0.0,0.0,3.75606,0.75136
5,CMP6,nao_saturado,RP,nao,0,0.8440122146437534,0.8408142747016139,19883,80117,0.0,0.0,3.7481,0.74949
5,CMP6,nao_saturado,RP,nao,1,0.843170896723574,0.8408142747016139,19976,80024,0.0,0.0,3.75053,0.74942
5,CMP6,nao_saturado,RP,nao,2,0.8408571095839631,0.8408142747016139,19910,80090,0.0,0.0,3.74756,0.75033
5,CMP6,nao_saturado,RP,nao,3,0.8398211967814659,0.8408142747016139,20068,79932,0.0,0.0,3.74961,0.75028
5,CMP6,nao_saturado,RP,nao,4,0.842796476441554,0.8408142747016139,20196,79804,0.0,0.0,3.75606,0.75136
