i_celula,celula,regime,combo,semente,auc,auc_fluida,n_pos,n_neg,frac_saturada,ociosos_medio_saturados
0,S1a,saturado,R,0,0.8453705539510703,0.8476209357823592,19664,80336,1.0,4.0
0,S1a,saturado,R,1,0.8499720848796836,0.8476209357823592,20105,79895,1.0,4.0
0,S1a,saturado,R,2,0.8506271023879908,0.8476209357823592,19872,80128,1.0,4.0
0,S1a,saturado,R,3,0.8446952435979691,0.8476209357823592,19820,80180,1.0,4.0
0,S1a,saturado,R,4,0.8492768199683206,0.8476209357823592,20015,79985,1.0,4.0
0,S1a,saturado,RS,0,0.8011109275687086,0.8041152573349617,20052,79948,1.0,19.5518
0,S1a,saturado,RS,1,0.8013735035676965,0.8041152573349617,20165,79835,1.0,19.69733
0,S1a,saturado,RS,2,0.8034060967389719,0.8041152573349617,19696,80304,1.0,19.69375
0,S1a,saturado,RS,3,0.803637877619022,0.8041152573349617,19851,80149,1.0,19.71391
0,S1a,saturado,RS,4,0.8033566394616265,0.8041152573349617,19905,80095,1.0,19.68312
1,S1b,saturado,R,0,0.8458252136376887,0.8476209357823592,20025,79975,1.0,4.0
1,S1b,saturado,R,1,0.8468114356402803,0.8476209357823592,19848,80152,1.0,4.0
1,S1b,saturado,R,2,0.8475891559526354,0.8476209357823592,19965,80035,1.0,4.0
1,S1b,saturado,R,3,0.8463699296436495,0.8476209357823592,19920,80080,1.0,4.0
1,S1b,saturado,R,4,0.8479405203150786,0.8476209357823592,20088,79912,1.0,4.0
1,S1b,saturado,RS,0,0.7839648826121364,0.7854443935922579,20023,79977,1.0,23.85006
1,S1b,saturado,RS,1,0.7832264048755189,0.7854443935922579,19992,80008,1.0,24.04807
1,S1b,saturado,RS,2,0.7851613900146691,0.7854443935922579,19901,80099,1.0,23.88965
1,S1b,saturado,RS,3,0.7839788862091072,0.7854443935922579,20069,79931,1.0,23.93506
1,S1b,saturado,RS,4,0.7879919001906419,0.7854443935922579,20134,79866,1.0,23.87887
2,S2a,saturado,R,0,0.8387610903490244,0.8395041924316999,20140,79860,0.99999,13.0
2,S2a,saturado,R,1,0.8384205624385378,0.8395041924316999,19884,80116,1.0,13.0
2,S2a,saturado,R,2,0.8401160839775343,0.8395041924316999,20009,79991,0.99999,13.0
2,S2a,saturado,R,3,0.8380509653929636,0.8395041924316999,20054,79946,1.0,13.0
2,S2a,saturado,R,4,0.8372242516967457,0.8395041924316999,20041,79959,1.0,13.0
2,S2a,saturado,RS,0,0.8618682303177223,0.8632531148525646,20089,79911,1.0,19.91181
2,S2a,saturado,RS,1,0.8637971097056323,0.8632531148525646,20139,79861,1.0,19.95745
2,S2a,saturado,RS,2,0.862483510257404,0.8632531148525646,19936,80064,1.0,19.86615
2,S2a,saturado,RS,3,0.863989572563127,0.8632531148525646,20014,79986,1.0,19.90225
2,S2a,saturado,RS,4,0.8622698625294405,0.8632531148525646,19883,80117,1.0,19.77375
3,S2b,saturado,R,0,0.8381017805495736,0.8395041924316999,20077,79923,1.0,13.0
3,S2b,saturado,R,1,0.839816669520233,0.8395041924316999,20006,79994,1.0,13.0
3,S2b,saturado,R,2,0.8393784944174242,0.8395041924316999,19973,80027,0.99999,13.0
3,S2b,saturado,R,3,0.8359176132687989,0.8395041924316999,20002,79998,1.0,13.0
3,S2b,saturado,R,4,0.8398174277408942,0.8395041924316999,19784,80216,0.99999,13.0
3,S2b,saturado,RS,0,0.8815576561089443,0.8831631594805602,20042,79958,1.0,19.15257
3,S2b,saturado,RS,1,0.880261843817808,0.8831631594805602,19871,80129,1.0,19.13598
3,S2b,saturado,RS,2,0.8825051777122616,0.8831631594805602,19845,80155,1.0,19.10524
3,S2b,saturado,RS,3,0.8829188003895213,0.8831631594805602,19823,80177,1.0,19.18594
3,S2b,saturado,RS,4,0.8826501920909554,0.8831631594805602,20077,79923,1.0,19.09147
4,S3,saturado,R,0,0.7709882003590515,0.7724189922578366,20160,79840,0.99899,29.180982792620547
4,S3,saturado,R,1,0.7710352099110881,0.7724189922578366,20130,79870,0.99891,29.209938833328327
4,S3,saturado,R,2,0.7711104431371407,0.7724189922578366,19914,80086,0.99885,29.17338939780748
4,S3,saturado,R,3,0.7683181953357365,0.7724189922578366,20012,79988,0.99918,29.180357893472646
4,S3,saturado,R,4,0.7713678007933098,0.7724189922578366,20038,79962,0.99902,29.14398110147945
4,S3,saturado,RS,0,0.8612096890342255,0.859366187350175,20155,79845,1.0,33.55681
4,S3,saturado,RS,1,0.8555499612573965,0.859366187350175,20043,79957,1.0,33.70339
4,S3,saturado,RS,2,0.8582629577716918,0.859366187350175,20260,79740,1.0,33.5704
4,S3,saturado,RS,3,0.8571534793766372,0.859366187350175,20079,79921,1.0,33.71617
4,S3,saturado,RS,4,0.8577984569380331,0.859366187350175,20199,79801,1.0,33.57133
5,MIX1,misto,R,0,0.8390569934206976,0.842847669763073,20042,79958,0.0,0.0
5,MIX1,misto,R,1,0.8427662904768423,0.842847669763073,20262,79738,0.0,0.0
5,MIX1,misto,R,2,0.8395623971893633,0.842847669763073,19899,80101,0.0,0.0
5,MIX1,misto,R,3,0.8441274798550948,0.842847669763073,20053,79947,0.0,0.0
5,MIX1,misto,R,4,0.8398461346913713,0.842847669763073,19877,80123,0.0,0.0
5,MIX1,misto,RS,0,0.8714208373770153,0.8733079213952231,20051,79949,0.99932,28.09524476644118
5,MIX1,misto,RS,1,0.8736601328889608,0.8733079213952231,20140,79860,0.99937,28.16015089506389
5,MIX1,misto,RS,2,0.8732916933420759,0.8733079213952231,19975,80025,0.99937,28.143980707845945
5,MIX1,misto,RS,3,0.8747882723477979,0.8733079213952231,20201,79799,0.99942,28.09917752296332
5,MIX1,misto,RS,4,0.8705994086129736,0.8733079213952231,19860,80140,0.99945,28.133603481915053
6,MIX2,misto,R,0,0.8408518534400367,0.842847669763073,19914,80086,0.0,0.0
6,MIX2,misto,R,1,0.8421495147892728,0.842847669763073,20045,79955,0.0,0.0
6,MIX2,misto,R,2,0.8417755222744309,0.842847669763073,20128,79872,0.0,0.0
6,MIX2,misto,R,3,0.843233389648626,0.842847669763073,20049,79951,0.0,0.0
6,MIX2,misto,R,4,0.8429870789388662,0.842847669763073,19911,80089,0.0,0.0
6,MIX2,misto,RS,0,0.8138643844202003,0.8153468043747832,20024,79976,1.0,35.44658
6,MIX2,misto,RS,1,0.8148369623876118,0.8153468043747832,19853,80147,1.0,35.56481
6,MIX2,misto,RS,2,0.8155519589778174,0.8153468043747832,19948,80052,1.0,35.53441
6,MIX2,misto,RS,3,0.8154733436651208,0.8153468043747832,20094,79906,1.0,35.50173
6,MIX2,misto,RS,4,0.8135576967108576,0.8153468043747832,20073,79927,1.0,35.48208
7,N1,nao_saturado,R,0,0.8192880223777514,0.8208367666255598,19867,80133,0.0,0.0
7,N1,nao_saturado,R,1,0.820547147140192,0.8208367666255598,20133,79867,0.0,0.0
7,N1,nao_saturado,R,2,0.8201283438383972,0.8208367666255598,19882,80118,0.0,0.0
7,N1,nao_saturado,R,3,0.8181311253064409,0.8208367666255598,19921,80079,0.0,0.0
7,N1,nao_saturado,R,4,0.8197362054540367,0.8208367666255598,20061,79939,0.0,0.0
7,N1,nao_saturado,RS,0,0.8598946897200264,0.8637132698471861,20011,79989,0.0047,23.05531914893617
7,N1,nao_saturado,RS,1,0.8620007957932283,0.8637132698471861,20283,79717,0.0045,25.255555555555556
7,N1,nao_saturado,RS,2,0.8630772176883952,0.8637132698471861,19992,80008,0.00497,22.414486921529175
7,N1,nao_saturado,RS,3,0.8662154593447704,0.8637132698471861,20007,79993,0.00477,23.362683438155138
7,N1,nao_saturado,RS,4,0.8628221252424494,0.8637132698471861,19800,80200,0.00488,23.772540983606557
